photo_index,photo_time_local,frequency_hz,test_level_v,ls_uh,rs_ohm,vac_rms_v,iac_rms_a,dc_bias_setting_v,idc_monitor,photo_id
1,2026-10-07T09:40:29,20,0.1,630.1741,1.187369,0.00117519,0.000987546,0,OFF,AF1QipOR0iIznq8tgJAkZvvigdzpwMDXvnzs1kTu8zlE
3,2026-10-07T09:40:50,100,0.1,631.5651,1.187573,0.00123819,0.000988876,0,OFF,AF1QipN4AwHhZfCleBS75xk9lSevZC7k6cnSBOLnR8dL
4,2026-10-07T09:40:54,1000,0.1,616.4239,1.269331,0.00402055,0.000986444,0,OFF,AF1QipPcTcWtRYToqwlzFYRDCfeEtPJ6hwtPJUCaUO-M
5,2026-10-07T09:41:01,10000,0.1,590.3119,2.885551,0.0340544,0.000915379,0,OFF,AF1QipMojRBGOJ16qxI-4_OIldHaRO_ASphx3pw87roY
6,2026-10-07T09:41:14,20000,0.1,579.2459,5.504014,0.0571312,0.000782641,0,OFF,AF1QipNmUdWEg5C9s8cwk0H3npYXup44Fy2yvairwgyI
7,2026-10-07T09:41:18,50000,0.1,558.6351,17.25716,0.0835257,0.000473644,0,OFF,AF1QipMpAtvXcvOnG2B9CyE509cR6IjbfOtKZeRGwQtr
8,2026-10-07T09:41:22,100000,0.1,529.9522,44.03979,0.092611,0.000275728,0,OFF,AF1QipMxiDcbzUE3KJ1TaQu0z0J7lwJmQfb-7nzIc1Nh
9,2026-10-07T09:41:34,300000,0.1,470.6817,128.7709,0.0980257,0.000109341,0,OFF,AF1QipPcV58DDpWdP_IjD28SneMQnnkx8Nd-q1BZTC6H
10,2026-10-07T09:41:39,500000,0.1,462.7266,185.9644,0.0989427,0.0000675136,0,OFF,AF1QipMk4ZHu_65yktCzgf8ecqkw2PvE9gVZqrUuuAla
11,2026-10-07T09:42:06,20,1,637.4463,1.183899,0.0117179,0.00987516,0,OFF,AF1QipPLjnUDUKCM6OWwgl3qaUeQKDtLZdP21z2ef0_7
12,2026-10-07T09:42:13,100,1,636.0213,1.186397,0.0123802,0.00988921,0,OFF,AF1QipOesRHnUkthYVW6apF9qHI46PheASEnCf9DR1AX
13,2026-10-07T09:42:17,1000,1,624.3178,1.280826,0.0407131,0.00986623,0,OFF,AF1QipNhibS5DGckKresp0mie0210Bh33Bmd85PR7fLR
14,2026-10-07T09:42:19,10000,1,594.5439,3.122586,0.341926,0.00912132,0,OFF,AF1QipPUyYGp2HyUvr8wYe3dLDDE3C7g7sKPikh_r3td
15,2026-10-07T09:42:23,100000,1,526.6928,46.40862,0.923767,0.00276437,0,OFF,AF1QipO5K_y-9sCSjyYUctQn0gVZcuU4xinFy9zdVrMe
16,2026-10-07T09:42:26,1000000,1,508.4230,391.9077,0.985983,0.00030634,0,OFF,AF1QipMLZPXbq_jZUl8reBWIjo3YCuu2NUnZ84rvRCma
17,2026-10-07T09:42:32,200000,1,484.5956,96.99159,0.964559,0.00156423,0,OFF,AF1QipPTAF4JIXmqMnjuVIW1KvhhMKIfGstbU6nv9JyZ
18,2026-10-07T09:42:37,500000,1,457.3927,190.9852,0.989245,0.000682437,0,OFF,AF1QipMmgnEmxyNCVVig0nqpE6dl9z9CwqXNnQyON3Rt
19,2026-10-07T09:42:50,20000,1,581.8004,6.107174,0.571016,0.00778314,0,OFF,AF1QipNoCrlkJnphIpHhIM8b_cScj50net1RgqNKXF6_
20,2026-10-07T09:42:55,50000,1,557.5985,18.82236,0.831697,0.00472064,0,OFF,AF1QipMFnRX63c4xazWvhGth_SrcYkwCYDmF2m6ENWkT
