photo_index,photo_time_local,frequency_hz,test_level_v,ls_uh,rs_ohm,vac_rms_v,iac_rms_a,dc_bias_setting_v,idc_monitor,photo_id,ls_h,xl_ohm,z_magnitude_ohm,q_series,monitor_z_ohm,monitor_difference_percent,iac_peak_a
1,2026-10-07T09:40:29,20.0,0.1,630.1741,1.187369,0.00117519,0.000987546,0.0,OFF,AF1QipOR0iIznq8tgJAkZvvigdzpwMDXvnzs1kTu8zlE,0.0006301740999999999,0.07919001292170237,1.1900068068324396,0.06669368403731475,1.1900103893894562,0.0003010534894487549,0.0013966009466673006
3,2026-10-07T09:40:50,100.0,0.1,631.5651,1.187573,0.00123819,0.000988876,0.0,OFF,AF1QipN4AwHhZfCleBS75xk9lSevZC7k6cnSBOLnR8dL,0.0006315651,0.39682405568474066,1.25211779058485,0.3341470845874238,1.252118566938625,6.200325408656227e-05,0.001398481850705257
4,2026-10-07T09:40:54,1000.0,0.1,616.4239,1.269331,0.00402055,0.000986444,0.0,OFF,AF1QipPcTcWtRYToqwlzFYRDCfeEtPJ6hwtPJUCaUO-M,0.0006164238999999999,3.873105591474338,4.0758003030412056,3.0512967787553746,4.0758015660290905,3.098748200258683e-05,0.0013950424833215655
5,2026-10-07T09:41:01,10000.0,0.1,590.3119,2.885551,0.0340544,0.000915379,0.0,OFF,AF1QipMojRBGOJ16qxI-4_OIldHaRO_ASphx3pw87roY,0.0005903119,37.090390567332655,37.202466007119476,12.853832965465749,37.20251393138798,0.00012882013922244084,0.0012945413965115215
6,2026-10-07T09:41:14,20000.0,0.1,579.2459,5.504014,0.0571312,0.000782641,0.0,OFF,AF1QipNmUdWEg5C9s8cwk0H3npYXup44Fy2yvairwgyI,0.0005792459,72.79018656248032,72.99798236878117,13.224927582393562,72.99796458401744,-2.4363363415602635e-05,0.0011068215166692417
7,2026-10-07T09:41:18,50000.0,0.1,558.6351,17.25716,0.0835257,0.000473644,0.0,OFF,AF1QipMpAtvXcvOnG2B9CyE509cR6IjbfOtKZeRGwQtr,0.0005586351,175.5003926197399,176.3468099539894,10.169714635533303,176.34700323449678,0.00010960249716696069,0.0006698337685366423
8,2026-10-07T09:41:22,100000.0,0.1,529.9522,44.03979,0.092611,0.000275728,0.0,OFF,AF1QipMxiDcbzUE3KJ1TaQu0z0J7lwJmQfb-7nzIc1Nh,0.0005299521999999999,332.9787876547497,335.8785139470386,7.560862294183275,335.8781117623165,-0.0001197411282238825,0.00038993827712600877
9,2026-10-07T09:41:34,300000.0,0.1,470.6817,128.7709,0.0980257,0.000109341,0.0,OFF,AF1QipPcV58DDpWdP_IjD28SneMQnnkx8Nd-q1BZTC6H,0.00047068169999999994,887.214102539493,896.5103504320338,6.8898648882588605,896.5136591031726,0.00036906111984258416,0.0001546315251234366
10,2026-10-07T09:41:39,500000.0,0.1,462.7266,185.9644,0.0989427,6.75136e-05,0.0,OFF,AF1QipMk4ZHu_65yktCzgf8ecqkw2PvE9gVZqrUuuAla,0.0004627266,1453.6984871805828,1465.5449667951082,7.817079436604978,1465.5225021329034,-0.0015328538334746789,9.54786487646322e-05
11,2026-10-07T09:42:06,20.0,1.0,637.4463,1.183899,0.0117179,0.00987516,0.0,OFF,AF1QipPLjnUDUKCM6OWwgl3qaUeQKDtLZdP21z2ef0_7,0.0006374463,0.0801038645255198,1.186605861823092,0.06766106274734568,1.186603558828414,-0.00019408253000285924,0.013965585202604294
12,2026-10-07T09:42:13,100.0,1.0,636.0213,1.186397,0.0123802,0.00988921,0.0,OFF,AF1QipOesRHnUkthYVW6apF9qHI46PheASEnCf9DR1AX,0.0006360213,0.39962396872132594,1.2518934291646326,0.33683831695572897,1.2518896858293027,-0.0002990138970870859,0.013985454903155637
13,2026-10-07T09:42:17,1000.0,1.0,624.3178,1.280826,0.0407131,0.00986623,0.0,OFF,AF1QipNhibS5DGckKresp0mie0210Bh33Bmd85PR7fLR,0.0006243178,3.9227044279706833,4.126514906249195,3.062636476750693,4.126510328666573,-0.00011093096053960139,0.013952956275492303
14,2026-10-07T09:42:19,10000.0,1.0,594.5439,3.122586,0.341926,0.00912132,0.0,OFF,AF1QipPUyYGp2HyUvr8wYe3dLDDE3C7g7sKPikh_r3td,0.0005945439,37.356294969532485,37.4865751593569,11.963255766064565,37.48646029302776,-0.00030641990806934416,0.012899494450744961
15,2026-10-07T09:42:23,100000.0,1.0,526.6928,46.40862,0.923767,0.00276437,0.0,OFF,AF1QipO5K_y-9sCSjyYUctQn0gVZcuU4xinFy9zdVrMe,0.0005266928,330.9308462357276,334.16909641766574,7.130805575251485,334.16908735082495,-2.713249336316892e-06,0.003909409545417313
16,2026-10-07T09:42:26,1000000.0,1.0,508.423,391.9077,0.985983,0.00030634,0.0,OFF,AF1QipMLZPXbq_jZUl8reBWIjo3YCuu2NUnZ84rvRCma,0.0005084229999999999,3194.5159234321663,3218.46603685373,8.151194588501749,3218.590455049945,0.003865760731658341,0.00043323018269737394
17,2026-10-07T09:42:32,200000.0,1.0,484.5956,96.99159,0.964559,0.00156423,0.0,OFF,AF1QipPTAF4JIXmqMnjuVIW1KvhhMKIfGstbU6nv9JyZ,0.0004845956,608.960790768775,616.6365325087867,6.278490648197179,616.6350217039694,-0.0002450073483539761,0.0022121552806708667
18,2026-10-07T09:42:37,500000.0,1.0,457.3927,190.9852,0.989245,0.000682437,0.0,OFF,AF1QipMmgnEmxyNCVVig0nqpE6dl9z9CwqXNnQyON3Rt,0.00045739269999999996,1436.9415461256,1449.5779915550836,7.523837167097765,1449.577030553736,-6.629524960111155e-05,0.000965111660865208
19,2026-10-07T09:42:50,20000.0,1.0,581.8004,6.107174,0.571016,0.00778314,0.0,OFF,AF1QipNoCrlkJnphIpHhIM8b_cScj50net1RgqNKXF6_,0.0005818004,73.11119449982412,73.36582539205423,11.971362613841382,73.36576240437664,-8.585424788876139e-05,0.011007022145848531
20,2026-10-07T09:42:55,50000.0,1.0,557.5985,18.82236,0.831697,0.00472064,0.0,OFF,AF1QipMFnRX63c4xazWvhGth_SrcYkwCYDmF2m6ENWkT,0.0005575984999999999,175.17473512526877,176.1830555478525,9.306735984502941,176.18310229121477,2.6531133845431043e-05,0.006675993111080928
